﻿<?xml version="1.0" encoding="UTF-8" standalone="yes"?>
<addon id="plugin.video.playlistLoader" name="Playlist Loader" version="1.1.7" provider-name="Avigdor Modded By Sphinxroot">
  <requires>
    <import addon="xbmc.python" version="2.25.0"/>
	<import addon="plugin.video.dailymotion_com" version="2.3.9" optional="true"/>
    <import addon="plugin.video.youtube" version="6.7.0" optional="true"/>
	<import addon="script.module.youtube.dl" version="18.225.0" optional="true"/>
  </requires>
  <extension point="xbmc.python.pluginsource" library="default.py">
        <provides>video</provides>
  </extension>
  <extension point="xbmc.addon.metadata">
    <summary lang="en">Playlist Loader</summary>
    <description lang="en">Playlist Loader</description>
    <platform>all</platform>
	<assets>
    <icon>icon.png</icon>
    <fanart>fanart.jpg</fanart>
</assets>
  </extension>
</addon>
